{"accuracy": [0.27549999952316284, 0.369159996509552, 0.4015600085258484, 0.4183200001716614, 0.4313200116157532, 0.4433799982070923, 0.44901999831199646, 0.4586400091648102, 0.4636400043964386, 0.4733400046825409], "loss": [2.013251304626465, 1.749930500984192, 1.6638978719711304, 1.6119003295898438, 1.580520510673523, 1.5525177717208862, 1.5323594808578491, 1.509595274925232, 1.4950000047683716, 1.4695634841918945], "val_accuracy": [0.38429999351501465, 0.426800012588501, 0.44850000739097595, 0.459199994802475, 0.4717999994754791, 0.4805000126361847, 0.4909999966621399, 0.49959999322891235, 0.49889999628067017, 0.505299985408783], "val_loss": [1.7553808689117432, 1.6070811748504639, 1.5403952598571777, 1.5081626176834106, 1.482841968536377, 1.458673119544983, 1.4246008396148682, 1.3983267545700073, 1.3889459371566772, 1.3764573335647583]}